option,disp_cond,distance,m_prop_best,m_prop_worst
t,triangle,2,0.32225,0.30515
c,triangle,2,0.3807,0.344
d,triangle,2,0.29705,0.35085
t,triangle,5,0.3225,0.3087
c,triangle,5,0.38015,0.34675
d,triangle,5,0.29735,0.34455
t,triangle,9,0.342,0.29625
c,triangle,9,0.3809,0.34065
d,triangle,9,0.2771,0.3631
t,triangle,14,0.35555,0.277
c,triangle,14,0.39995000000000003,0.3238
d,triangle,14,0.2445,0.3992
