option,disp_cond,distance,m_prop_best,m_prop_worst
t,triangle,2,0.326767,0.306804
c,triangle,2,0.378634,0.347475
d,triangle,2,0.294599,0.345721
t,triangle,5,0.326404,0.307785
c,triangle,5,0.37881,0.346528
d,triangle,5,0.294786,0.345687
t,triangle,9,0.335604,0.296163
c,triangle,9,0.386636,0.338998
d,triangle,9,0.27776,0.364839
t,triangle,14,0.351781,0.278156
c,triangle,14,0.399843,0.32271
d,triangle,14,0.248376,0.399134
