option,distance,best,worst
t,2,0.326703,0.306891
c,2,0.379193,0.346742
d,2,0.294104,0.346367
t,5,0.327178,0.306447
c,5,0.378386,0.34771
d,5,0.294436,0.345843
t,9,0.335468,0.296627
c,9,0.387296,0.337909
d,9,0.277236,0.365464
t,14,0.353419,0.278128
c,14,0.399319,0.3228
d,14,0.247262,0.399072
