option,distance,best,worst
t,2,0.347648,0.284373
c,2,0.395944,0.327571
d,2,0.256408,0.388056
t,5,0.384783,0.237122
c,5,0.426012,0.286568
d,5,0.189205,0.47631
t,9,0.433222,0.163946
c,9,0.460915,0.217829
d,9,0.105863,0.618225
t,14,0.45153,0.127598
c,14,0.47598,0.18055
d,14,0.07249,0.691852
